Feature,Importance
IsHTTPS,0.5543505672543959
ObfuscationRatio,0.11124097896748895
NoOfSelfRef,0.11096672626363611
NoOfObfuscatedChar,0.06357218982977642
NoOfSubDomain,0.036248074393454115
NoOfOtherSpecialCharsInURL,0.033391725338941934
SpacialCharRatioInURL,0.01418413559292812
NoOfExternalRef,0.013603733104079202
LineOfCode,0.01001584230451191
URLSimilarityIndex,0.007045347203165617
DomainLength,0.006624982953991504
HasPasswordField,0.0056025008647151075
DegitRatioInURL,0.003789843150097766
NoOfDegitsInURL,0.003718840039320656
LetterRatioInURL,0.0031602718431344096
HasSocialNet,0.003006748927838479
NoOfLettersInURL,0.0027970968077784906
URLLength,0.0026369467179133952
NoOfImage,0.0020700158402267785
sign,0.0014364107783924
accounts,0.0012842388107009736
in,0.0012553925735550337
google,0.001174408039427898
NoOfCSS,0.0010042756149244224
NoOfQMarkInURL,0.0007263659140795924
TLD_ro,0.00043357437415106456
LargestLineLength,0.00041648782114060993
TLD_org,0.00033733872618576784
TLDLength,0.0003123335453816756
NoOfAmpersandInURL,0.0003088508433380999
TLD_co.za,0.0002522703217703796
at,0.0002035683078690537
app,0.0001878168404400987
NoOfEqualsInURL,0.00018102509656073342
prices,0.0001547793280733457
TLD_ru,0.00014989823826399402
help,0.00014381040621102485
HasTitle,0.0001415893216453794
TLD_com,0.0001398558876906416
NoOfJS,0.00013586168156654453
TLD_com.br,0.00013181350722229226
TLD_cz,0.00012548885124463548
NoOfEmptyRef,0.00011516705107570634
TLD_dev,0.00011486663738541156
start,8.89910956819743e-05
TLD_jp,8.893038974265487e-05
computers,8.760331764158017e-05
NoOfiFrame,8.395073435571395e-05
HasObfuscation,8.01029504624141e-05
TLD_io,7.841401186982417e-05
TLD_pk,7.209861867100474e-05
TLD_uk,7.125168607891543e-05
NoOfURLRedirect,6.808223132011241e-05
TLD_net,4.640669469454513e-05
TLD_es,4.1587524536680814e-05
TLD_eu,4.0514021641730765e-05
NoOfSelfRedirect,3.9614679592819035e-05
TLD_ar,3.607538803070468e-05
HasCopyrightInfo,2.7787514482774586e-05
HasFavicon,2.766781407214146e-05
IsResponsive,2.1085898061266142e-05
TLD_it,2.077892008770998e-05
HasHiddenFields,1.9825302706789577e-05
art,1.544181390563775e-05
TLD_page,1.4980088477412478e-05
TLD_app,1.0526968903408552e-05
TLD_co,6.574507635528513e-06
TLD_pl,5.28000488606109e-06
TLD_ca,3.735841825174387e-06
HasSubmitButton,2.332662863789576e-06
TLD_in,2.0878995278394935e-06
TLD_me,1.737506238816607e-06
HasExternalFormSubmit,1.0926663500439367e-06
TLD_au,7.354385887922666e-07
TLD_br,6.49891374527247e-07
it,0.0
high,0.0
health,0.0
internet,0.0
ipfs,0.0
has,0.0
hd31,0.0
hd,0.0
information,0.0
ir,0.0
hart,0.0
irrigation,0.0
ini,0.0
homepage,0.0
history,0.0
id,0.0
house,0.0
home,0.0
how,0.0
hockey,0.0
https,0.0
huffpost,0.0
ie,0.0
informasi,0.0
ifkv,0.0
il,0.0
inc,0.0
index,0.0
info,0.0
hotels,0.0
is,0.0
long,0.0
jean,0.0
jobs,0.0
mail,0.0
management,0.0
maps,0.0
marketing,0.0
meta,0.0
metro,0.0
microsoft,0.0
might,0.0
mind,0.0
money,0.0
montreal,0.0
more,0.0
most,0.0
movie,0.0
movies,0.0
music,0.0
my,0.0
myspace,0.0
na,0.0
name,0.0
national,0.0
magazine,0.0
lyrics,0.0
los,0.0
lighting,0.0
la,0.0
landscape,0.0
last,0.0
latest,0.0
le,0.0
league,0.0
learn,0.0
life,0.0
lifestyle,0.0
links,0.0
loop,0.0
listen,0.0
live,0.0
loading,0.0
loans,0.0
local,0.0
log,0.0
login,0.0
login_submit,0.0
haberler,0.0
hari,0.0
fort,0.0
haber,0.0
docsgooglepresentationde2pacx,0.0
doctors,0.0
document,0.0
domain,0.0
dot,0.0
down,0.0
download,0.0
downloads,0.0
dr,0.0
drive,0.0
dropoarappspot,0.0
dsh,0.0
due,0.0
dvd,0.0
eal,0.0
ebay,0.0
edison170,0.0
el,0.0
electronics,0.0
elyrics,0.0
em,0.0
email,0.0
doctor,0.0
district,0.0
encyclopedia,0.0
dispatch,0.0
cốc,0.0
daily,0.0
dakika,0.0
dan,0.0
dance,0.0
dating,0.0
david,0.0
day,0.0
de,0.0
definition,0.0
delayms,0.0
delivery,0.0
design,0.0
details,0.0
dev,0.0
development,0.0
di,0.0
dictionary,0.0
digital,0.0
direct,0.0
discover,0.0
en,0.0
england,0.0
gutenberg,0.0
for,0.0
new,0.0
forum,0.0
found,0.0
france,0.0
free,0.0
from,0.0
full,0.0
gallery,0.0
game,0.0
games,0.0
gclid,0.0
global,0.0
go,0.0
gratisonlineluizahomephp,0.0
graveyard,0.0
green,0.0
group,0.0
guardian,0.0
guide,0.0
guides,0.0
guitar,0.0
force,0.0
followup,0.0
english,0.0
flowname,0.0
entertainment,0.0
entra,0.0
eoffice,0.0
events,0.0
evri,0.0
examecom,0.0
expired,0.0
facebook,0.0
false,0.0
family,0.0
fandango,0.0
fashion,0.0
fb,0.0
fbclid,0.0
fiber,0.0
file,0.0
filename,0.0
film,0.0
films,0.0
flickr,0.0
flowentry,0.0
net,0.0
people,0.0
news,0.0
tickets,0.0
time,0.0
times,0.0
timmins,0.0
tinyurl,0.0
title,0.0
tn,0.0
to,0.0
today,0.0
token,0.0
tokyo,0.0
tomatoes,0.0
top,0.0
torrent,0.0
toto,0.0
tour,0.0
tours,0.0
track,0.0
trade,0.0
trail,0.0
trial,0.0
true,0.0
tim,0.0
this,0.0
shows,0.0
the,0.0
situs,0.0
software,0.0
soluble,0.0
son,0.0
song,0.0
special,0.0
sport,0.0
sports,0.0
sprinkler,0.0
st,0.0
stats,0.0
stock,0.0
stories,0.0
stream,0.0
system,0.0
systems,0.0
tabs,0.0
team,0.0
terkini,0.0
text,0.0
that,0.0
trusted,0.0
tv,0.0
ubank,0.0
ufabet,0.0
weather,0.0
web,0.0
webmail,0.0
website,0.0
welcome,0.0
who,0.0
with,0.0
wordpress,0.0
world,0.0
www,0.0
xrealip,0.0
xxx,0.0
yahoo,0.0
york,0.0
you,0.0
young,0.0
your,0.0
youtube,0.0
ç½,0.0
è½,0.0
ð½ð,0.0
we,0.0
watch,0.0
virginia,0.0
updates,0.0
uk,0.0
ukit,0.0
ultimate,0.0
unique,0.0
united,0.0
university,0.0
up,0.0
update,0.0
updated,0.0
uri,0.0
viewweb,0.0
url,0.0
us,0.0
usa,0.0
user,0.0
userid,0.0
usp,0.0
utf8,0.0
video,0.0
videos,0.0
site,0.0
shortener,0.0
nhl,0.0
pdf,0.0
culture,0.0
period,0.0
peter,0.0
photo,0.0
photos,0.0
pictures,0.0
pl,0.0
place,0.0
platform,0.0
playstation,0.0
political,0.0
politicians,0.0
porn,0.0
preliminary,0.0
preview,0.0
private,0.0
pro,0.0
products,0.0
profile,0.0
project,0.0
public,0.0
peace,0.0
paypal,0.0
short,0.0
pay,0.0
nintendo,0.0
nj,0.0
not,0.0
oakland,0.0
oauth,0.0
of,0.0
official,0.0
on,0.0
one,0.0
online,0.0
open,0.0
openidgpsigninx,0.0
or,0.0
org,0.0
pa,0.0
page,0.0
parcel,0.0
paris,0.0
parked,0.0
passive,0.0
paul,0.0
qc,0.0
questions,0.0
quotes,0.0
québec,0.0
ru,0.0
running,0.0
russell,0.0
saint,0.0
sale,0.0
salesforce,0.0
samsung,0.0
san,0.0
save,0.0
school,0.0
search,0.0
sena,0.0
send,0.0
service,0.0
servicelogin,0.0
services,0.0
session,0.0
sessionid,0.0
sex,0.0
shaparak,0.0
share,0.0
rt,0.0
royals,0.0
royal,0.0
releases,0.0
rams,0.0
real,0.0
reasons,0.0
records,0.0
red,0.0
redtube,0.0
ref_,0.0
reference,0.0
refractory,0.0
rentals,0.0
round,0.0
request,0.0
resmi,0.0
restaurant,0.0
restriction,0.0
results,0.0
review,0.0
reviews,0.0
river,0.0
rotten,0.0
currents,0.0
canadian,0.0
cullen,0.0
TLD_my,0.0
TLD_ge,0.0
TLD_gen.tr,0.0
TLD_gives,0.0
TLD_gl,0.0
TLD_go.gov.br,0.0
TLD_go.th,0.0
TLD_google,0.0
TLD_gov,0.0
TLD_gov.au,0.0
TLD_gov.bd,0.0
TLD_gp,0.0
TLD_gq,0.0
TLD_gr,0.0
TLD_group,0.0
TLD_gs,0.0
TLD_gy,0.0
TLD_health,0.0
TLD_hk,0.0
TLD_host,0.0
TLD_hosting,0.0
TLD_house,0.0
TLD_gd,0.0
TLD_gay,0.0
TLD_games,0.0
TLD_edu.pl,0.0
TLD_do,0.0
TLD_dp.ua,0.0
TLD_dz,0.0
TLD_ec,0.0
TLD_edu,0.0
TLD_edu.au,0.0
TLD_edu.bd,0.0
TLD_edu.in,0.0
TLD_edu.my,0.0
TLD_edu.vn,0.0
TLD_ga,0.0
TLD_ee,0.0
TLD_eg,0.0
TLD_energy,0.0
TLD_fi,0.0
TLD_finance,0.0
TLD_fitness,0.0
TLD_fm,0.0
TLD_fr,0.0
TLD_fun,0.0
TLD_hr,0.0
TLD_ht,0.0
TLD_hu,0.0
TLD_mil,0.0
TLD_lr,0.0
TLD_lt,0.0
TLD_lu,0.0
TLD_lv,0.0
TLD_ly,0.0
TLD_ma,0.0
TLD_marketing,0.0
TLD_md,0.0
TLD_media,0.0
TLD_missing,0.0
TLD_loan,0.0
TLD_mk,0.0
TLD_ml,0.0
TLD_mobi,0.0
TLD_moe,0.0
TLD_mom,0.0
TLD_monster,0.0
TLD_ms,0.0
TLD_mu,0.0
TLD_mus.br,0.0
TLD_lol,0.0
TLD_lk,0.0
TLD_icu,0.0
TLD_k12.ca.us,0.0
TLD_id,0.0
TLD_ie,0.0
TLD_il,0.0
TLD_ind.br,0.0
TLD_info,0.0
TLD_int,0.0
TLD_ir,0.0
TLD_is,0.0
TLD_istanbul,0.0
TLD_k12.mo.us,0.0
TLD_live,0.0
TLD_ke,0.0
TLD_kg,0.0
TLD_kr,0.0
TLD_ky,0.0
TLD_kz,0.0
TLD_land,0.0
TLD_li,0.0
TLD_life,0.0
TLD_link,0.0
TLD_dk,0.0
TLD_digital,0.0
TLD_de,0.0
TLD_build,0.0
TLD_be,0.0
TLD_bg,0.0
TLD_bh,0.0
TLD_bid,0.0
TLD_bio,0.0
TLD_biz,0.0
TLD_biz.pl,0.0
TLD_blog,0.0
TLD_bo,0.0
TLD_by,0.0
TLD_ba,0.0
TLD_bz,0.0
TLD_cab,0.0
TLD_cam,0.0
TLD_camera,0.0
TLD_cash,0.0
TLD_cat,0.0
TLD_cc,0.0
TLD_cf,0.0
TLD_cfd,0.0
TLD_bd,0.0
TLD_az,0.0
TLD_ci,0.0
TLD_71,0.0
IsDomainIP,0.0
TLD_100,0.0
TLD_108,0.0
TLD_181,0.0
TLD_206,0.0
TLD_220,0.0
TLD_238,0.0
TLD_24,0.0
TLD_41,0.0
TLD_COM,0.0
TLD_at,0.0
TLD_ac.id,0.0
TLD_ac.il,0.0
TLD_ac.uk,0.0
TLD_ad,0.0
TLD_ae,0.0
TLD_aero,0.0
TLD_al,0.0
TLD_am,0.0
TLD_asia,0.0
TLD_ch,0.0
TLD_city,0.0
TLD_cyou,0.0
TLD_com.ro,0.0
TLD_com.mk,0.0
TLD_com.mx,0.0
TLD_com.my,0.0
TLD_com.ng,0.0
TLD_com.ph,0.0
TLD_com.pk,0.0
TLD_com.pl,0.0
TLD_com.pt,0.0
TLD_com.py,0.0
TLD_com.sa,0.0
TLD_com.gr,0.0
TLD_com.sg,0.0
TLD_com.tr,0.0
TLD_com.tw,0.0
TLD_com.ua,0.0
TLD_com.uy,0.0
TLD_com.vn,0.0
TLD_coop,0.0
TLD_cv,0.0
TLD_cy,0.0
TLD_com.hk,0.0
TLD_com.co,0.0
TLD_cl,0.0
TLD_co.jp,0.0
TLD_click,0.0
TLD_cloud,0.0
TLD_club,0.0
TLD_cn,0.0
TLD_co.at,0.0
TLD_co.bw,0.0
TLD_co.id,0.0
TLD_co.il,0.0
TLD_co.in,0.0
TLD_co.ke,0.0
TLD_com.cn,0.0
TLD_co.kr,0.0
TLD_co.mz,0.0
TLD_co.nz,0.0
TLD_co.th,0.0
TLD_co.tz,0.0
TLD_co.uk,0.0
TLD_co.ve,0.0
TLD_com.ar,0.0
TLD_com.au,0.0
TLD_mx,0.0
TLD_na,0.0
ct,0.0
TLD_nagoya,0.0
answering,0.0
answers,0.0
aol,0.0
appeal,0.0
are,0.0
as,0.0
att,0.0
attnet,0.0
audio,0.0
authenticated,0.0
author,0.0
autism,0.0
auto,0.0
available,0.0
band,0.0
bank,0.0
banking,0.0
be,0.0
been,0.0
berita,0.0
best,0.0
angeles,0.0
and,0.0
analytics,0.0
ai,0.0
35203245119,0.0
360å,0.0
3a,0.0
3f,0.0
66,0.0
about,0.0
account,0.0
accountsgooglecom,0.0
ad,0.0
air,0.0
an,0.0
albums,0.0
alibaba,0.0
all,0.0
alltrails,0.0
am,0.0
amazon,0.0
america,0.0
american,0.0
amp,0.0
bill,0.0
bio,0.0
biographies,0.0
confirm,0.0
chords,0.0
city,0.0
cloud,0.0
clubs,0.0
cmd,0.0
co,0.0
college,0.0
com,0.0
community,0.0
consulta,0.0
chat,0.0
continue,0.0
could,0.0
country,0.0
county,0.0
courier,0.0
cover,0.0
create,0.0
credit,0.0
crown,0.0
cheap,0.0
charles,0.0
biography,0.0
by,0.0
black,0.0
blog,0.0
blogger,0.0
breaking,0.0
bricks,0.0
britannica,0.0
british,0.0
build,0.0
business,0.0
california,0.0
ceramic,0.0
camping,0.0
canada,0.0
car,0.0
card,0.0
cards,0.0
cars,0.0
case,0.0
catholic,0.0
center,0.0
3000,0.0
2faccountsgooglecom,0.0
2f,0.0
TLD_sg,0.0
TLD_pro,0.0
TLD_pt,0.0
TLD_pw,0.0
TLD_qc.ca,0.0
TLD_rs,0.0
TLD_school,0.0
TLD_science,0.0
TLD_se,0.0
TLD_services,0.0
TLD_sh,0.0
TLD_plus,0.0
TLD_shop,0.0
TLD_show,0.0
TLD_si,0.0
TLD_site,0.0
TLD_sk,0.0
TLD_sm,0.0
TLD_sn,0.0
TLD_social,0.0
TLD_space,0.0
TLD_pm,0.0
TLD_ph,0.0
TLD_stream,0.0
TLD_np,0.0
TLD_name,0.0
TLD_net.au,0.0
TLD_net.ua,0.0
TLD_network,0.0
TLD_news,0.0
TLD_nf,0.0
TLD_ng,0.0
TLD_nl,0.0
TLD_no,0.0
TLD_nu,0.0
TLD_pe,0.0
TLD_nz,0.0
TLD_one,0.0
TLD_online,0.0
TLD_or.id,0.0
TLD_org.nz,0.0
TLD_org.pe,0.0
TLD_org.sv,0.0
TLD_org.uk,0.0
TLD_org.za,0.0
TLD_st,0.0
TLD_su,0.0
2025,0.0
TLD_zm,0.0
TLD_website,0.0
TLD_win,0.0
TLD_work,0.0
TLD_works,0.0
TLD_world,0.0
TLD_ws,0.0
TLD_xn--p1ai,0.0
TLD_xyz,0.0
TLD_za,0.0
00980,0.0
TLD_vn.ua,0.0
10,0.0
100,0.0
12,0.0
1209600,0.0
13,0.0
188232180100,0.0
20,0.0
2010,0.0
2011,0.0
TLD_vu,0.0
TLD_vn,0.0
TLD_support,0.0
TLD_tr,0.0
TLD_tech,0.0
TLD_tk,0.0
TLD_tl,0.0
TLD_tn,0.0
TLD_to,0.0
TLD_today,0.0
TLD_tokyo,0.0
TLD_tools,0.0
TLD_top,0.0
TLD_trade,0.0
TLD_vip,0.0
TLD_tur.br,0.0
TLD_tv,0.0
TLD_tw,0.0
TLD_tz,0.0
TLD_ua,0.0
TLD_us,0.0
TLD_vacations,0.0
TLD_ve,0.0
TLD_vg,0.0
ð¾ñ,0.0
